{
	"$schema": "https://schema.management.azure.com/schemas/0.1.2-preview/CreateUIDefinition.MultiVm.json#",
	"handler": "Microsoft.Azure.CreateUIDef",
	"version": "0.1.2-preview",
	"parameters": {
		"config": {
			"basics": {
				"location": {
					"label": "Select Region",
					"toolTip": "Select region in which AKS to be created",
					"resourceTypes": [
						"Microsoft.ContainerService/managedClusters"
					],
					"visible": true
				}
			}
		},
		"basics": [],
		"steps": [{
			"name": "ClusterConfig",
			"label": "AKS Cluster Configuration",
			"subLabel": {
				"preValidation": "Configure the Cluster configuration",
				"postValidation": "Done"
			},
			"bladeTitle": "AKS Cluster Configuration",
			"elements": [{
					"name": "aksClusterName",
					"type": "Microsoft.Common.TextBox",
					"label": "AKS Cluster Name",
					"defaultValue": "",
					"toolTip": "Use only allowed characters",
					"constraints": {
						"required": true,
						"regex": "^[a-z0-9_\\-]{3,63}$",
						"validationMessage": "Only alphanumeric, underscores, hyphens, and must be 3-63 characters long."
					},
					"visible": true
				},
				{
					"name": "nodeCount",
					"type": "Microsoft.Common.Slider",
					"min": 1,
					"max": 10,
					"label": "Node Count",
					"subLabel": "Nodes",
					"defaultValue": 1,
					"showStepMarkers": true,
					"toolTip": "The number of nodes to provision in the cluster",
					"constraints": {
						"required": true
					},
					"visible": true
				},
				{
					"name": "nodeSize",
					"type": "Microsoft.Compute.SizeSelector",
					"label": "Size",
					"toolTip": "The size of virtual machines to use for nodes in the cluster",
					"recommendedSizes": [
						"Standard_D2s_v3",
						"Standard_D4s_v3"
					],
					"options": {
						"hideDiskTypeFilter": false
					},
					"osPlatform": "Linux",
					"imageReference": {
						"publisher": "Canonical",
						"offer": "UbuntuServer",
						"sku": "16.04-LTS"
					},
					"count": 1,
					"visible": true
				},
				{
					"name": "vnet",
					"type": "Microsoft.Network.VirtualNetworkCombo",
					"label": {
						"virtualNetwork": "Virtual Network",
						"subnets": "Subnets"
					},
					"toolTip": {
						"virtualNetwork": "Virtual Network Name",
						"subnets": "Subnet requried for Azure AKS"
					},
					"defaultValue": {
						"name": "aks-vnet",
						"addressPrefixSize": "/16",
						"address": "10.0.0.0"
					},
					"constraints": {
						"minAddressPrefixSize": "/24"
					},
					"options": {
						"hideExisting": true
					},
					"subnets": {
						"subnet1": {
							"label": "Subnet",
							"defaultValue": {
								"name": "default",
								"addressPrefixSize": "/22"
							},
							"constraints": {
								"minAddressPrefixSize": "/29",
								"minAddressCount": 128,
								"requireContiguousAddresses": true
							}
						}
					}
				}

			]
		}],

		"outputs": {
			"location": "[location()]",
			"aksClusterName": "[steps('ClusterConfig').aksClusterName]",
			"nodeSize": "[steps('ClusterConfig').nodeSize]",
			"nodeCount": "[steps('ClusterConfig').nodeCount]",
			"vnetSubnetPrefix": "[steps('ClusterConfig').vnet.subnets.subnet1.addressPrefix]",
			"vnetAddressPrefix": "[steps('ClusterConfig').vnet.addressPrefix]",
			"vnetName": "[steps('ClusterConfig').vnet.name]",
			"subnetName": "[steps('ClusterConfig').vnet.subnets.subnet1.name]"
		}
	}
}
