{
	"$schema": "https://schema.management.azure.com/schemas/2019-04-01/deploymentTemplate.json#",
	"contentVersion": "1.0.0.0",
	"parameters": {
		"location": {
			"defaultValue": "[resourceGroup().location]",
			"type": "String",
			"metadata": {
				"description": "The location where the resource will be created."
			}
		},
		"aksClusterName": {
			"type": "string",
			"defaultValue": "gravity-plane",
			"metadata": {
				"description": "The name of the Managed Cluster resource."
			}
		},
		"vnetName": {
			"type": "string",
			"defaultValue": "gravity-mkt",
			"metadata": {
				"description": "The name of the VNet to launc the cluster"
			}
		},
		"subnetName": {
			"type": "string",
			"defaultValue": "default",
			"metadata": {
				"description": "The name of the Subnet in VNet."
			}
		},
		"osDiskSizeGB": {
			"type": "int",
			"defaultValue": 50,
			"maxValue": 1023,
			"minValue": 0,
			"metadata": {
				"description": "Disk size (in GiB) to provision for each of the agent pool nodes. This value ranges from 0 to 1023. Specifying 0 will apply the default disk size for that agentVMSize."
			}
		},
		"nodeCount": {
			"type": "int",
			"defaultValue": "3",
			"metadata": {
				"description": "The number of nodes for the cluster. 1 Node is enough for Dev/Test and minimum 3 nodes, is recommended for Production"
			}
		},
		"nodeSize": {
			"type": "string",
			"defaultValue": "Standard_B2s",
			"metadata": {
				"description": "The size of the Virtual Machine."
			}
		},
		"osType": {
			"type": "string",
			"defaultValue": "Linux",
			"allowedValues": [
				"Linux",
				"Windows"
			],
			"metadata": {
				"description": "The type of operating system."
			}
		},
		"serviceCidr": {
			"type": "string",
			"defaultValue": "10.2.0.0/16",
			"metadata": {
				"description": "A CIDR notation IP range from which to assign service cluster IPs."
			}
		},
		"vnetAddressPrefix": {
			"defaultValue": "10.0.0.0/8",
			"type": "string"
		},
		"vnetSubnetPrefix": {
			"defaultValue": "10.240.0.0/16",
			"type": "string"
		},
		"dnsServiceIP": {
			"type": "string",
			"defaultValue": "10.2.0.10",
			"metadata": {
				"description": "Containers DNS server IP address."
			}
		},
		"dockerBridgeCidr": {
			"type": "string",
			"defaultValue": "172.17.0.1/16",
			"metadata": {
				"description": "A CIDR notation IP for Docker bridge."
			}
		},
		"networkPlugin": {
			"allowedValues": [
				"azure",
				"kubenet"
			],
			"defaultValue": "azure",
			"type": "string",
			"metadata": {
				"description": "Network plugin used for building Kubernetes network."
			}
		},
		"crossTenant": {
			"type": "bool",
			"defaultValue": false,
			"metadata": {
				"description": "Manually set flag whether to use delegatedManagedIdentityResourceId or not in role assignments"
			}
		}
	},
	"variables": {
		"vnetSubnetId": "[resourceId('Microsoft.Network/virtualNetworks/subnets', parameters('vnetName'), parameters('subnetName'))]",
		"nodeResourceGroup": "[concat(parameters('aksClusterName'), '-agentpool')]",
		"userAssignedIdentityName": "[concat(parameters('aksClusterName'), '-identity-manager')]",
		"roleDefinitionOwner": "8e3af657-a8ff-443c-a75c-2fe8c4bcb635",
		"roleDefinitionManagedIdentityOperator": "f1a07417-d97a-45cb-824c-7a7467783830",
		"roleDefinitionVirtualMachineContributor": "9980e02c-c2be-4d73-94e8-173b1dc7cf3c",
		"roleDefinitionNetworkContributor": "4d97b98b-1d4f-4787-a291-c67834d212e7",
		"roleDefinitionContributor": "b24988ac-6180-42a0-ab88-20f7382dd24c",
		"roleDefinitionManagedIdentityContributor": "e40ec5ca-96e0-45a2-b4ff-59039f2c2b59"
	},
	"resources": [{
			"apiVersion": "2021-04-01",
			"name": "pid-9308514a-9c3a-46ff-8abe-0b266f8ed5a7-partnercenter",
			"type": "Microsoft.Resources/deployments",
			"properties": {
				"mode": "Incremental",
				"template": {
					"$schema": "https://schema.management.azure.com/schemas/2015-01-01/deploymentTemplate.json#",
					"contentVersion": "1.0.0.0",
					"resources": []
				}
			}
		},
		{
			"type": "Microsoft.Network/virtualNetworks",
			"apiVersion": "2021-08-01",
			"name": "[parameters('vnetName')]",
			"location": "[parameters('location')]",
			"properties": {
				"subnets": [{
					"name": "default",
					"properties": {
						"addressPrefix": "[parameters('vnetSubnetPrefix')]"
					}
				}],
				"addressSpace": {
					"addressPrefixes": [
						"[parameters('vnetAddressPrefix')]"
					]
				}
			}
		},
		{
			"type": "Microsoft.ContainerService/managedClusters",
			"apiVersion": "2021-09-01",
			"name": "[parameters('aksClusterName')]",
			"dependsOn": [
				"[parameters('vnetName')]"
			],
			"location": "[parameters('location')]",
			"sku": {
				"name": "Basic",
				"tier": "Free"
			},
			"identity": {
				"type": "SystemAssigned"
			},
			"properties": {
				"agentPoolProfiles": [{
					"availabilityZones": [
						"1",
						"2",
						"3"
					],
					"maxPods": 110,
					"mode": "System",
					"name": "default",
					"orchestratorVersion": "1.21.9",
					"storageProfile": "ManagedDisks",
					"type": "VirtualMachineScaleSets",
					"osDiskSizeGB": "[parameters('osDiskSizeGB')]",
					"count": "[parameters('nodeCount')]",
					"vmSize": "[parameters('nodeSize')]",
					"osType": "[parameters('osType')]",
					"vnetSubnetID": "[variables('vnetSubnetId')]"
				}],
				"dnsPrefix": "[concat(parameters('aksClusterName'), '-dns')]",
				"enableRBAC": true,
				"kubernetesVersion": "1.21.9",
				"networkProfile": {
					"networkPlugin": "[parameters('networkPlugin')]",
					"serviceCidr": "[parameters('serviceCidr')]",
					"dnsServiceIP": "[parameters('dnsServiceIP')]",
					"dockerBridgeCidr": "[parameters('dockerBridgeCidr')]",
					"outboundType": "loadBalancer"
				},
				"nodeResourceGroup": "[variables('nodeResourceGroup')]",
				"servicePrincipalProfile": {
					"clientId": "msi"
				}
			}
		},
		{
			"type": "Microsoft.Network/virtualNetworks/subnets/providers/roleAssignments",
			"apiVersion": "2018-09-01-preview",
			"name": "[concat(parameters('vnetName'), '/', parameters('subnetName'), '/Microsoft.Authorization/', guid(parameters('aksClusterName'), 'aksvnet'))]",
			"location": "[parameters('location')]",
			"properties": {
				"principalId": "[reference(parameters('aksClusterName'),'2021-07-01','Full').identity.principalId]",
				"principalType": "ServicePrincipal",
				"roleDefinitionId": "[resourceId('Microsoft.Authorization/roleDefinitions',variables('roleDefinitionNetworkContributor'))]",
				"scope": "[variables('vnetSubnetId')]",
				"delegatedManagedIdentityResourceId": "[if(parameters('crossTenant'), reference(parameters('aksClusterName'),'2021-07-01','Full').identity.principalId, json('null'))]"
			}
		},
		{
			"type": "Microsoft.Resources/deployments",
			"apiVersion": "2021-04-01",
			"name": "[concat(parameters('aksClusterName'), '-assignment')]",
			"dependsOn": [
				"[parameters('aksClusterName')]"
			],
			"properties": {
				"mode": "Incremental",
				"template": {
					"$schema": "https://schema.management.azure.com/schemas/2019-04-01/deploymentTemplate.json#",
					"contentVersion": "1.0.0.0",
					"resources": [{
							"apiVersion": "2021-04-01-preview",
							"location": "[parameters('location')]",
							"name": "[guid(resourceGroup().id, deployment().name, parameters('aksClusterName'),'aksmiopnoderg')]",
							"properties": {
								"principalId": "[reference(parameters('aksClusterName'),'2021-07-01','Full').properties.identityProfile.kubeletidentity.objectId]",
								"principalType": "ServicePrincipal",
								"roleDefinitionId": "[resourceId('Microsoft.Authorization/roleDefinitions',variables('roleDefinitionManagedIdentityOperator'))]",
								"scope": "[concat('/subscriptions/', subscription().subscriptionId, '/resourceGroups/', variables('nodeResourceGroup'))]",
								"delegatedManagedIdentityResourceId": "[if(parameters('crossTenant'),reference(parameters('aksClusterName'),'2021-07-01','Full').properties.identityProfile.kubeletidentity.objectId, json('null'))]"
							},
							"type": "Microsoft.Authorization/roleAssignments"
						},
						{
							"apiVersion": "2021-04-01-preview",
							"location": "[parameters('location')]",
							"name": "[guid(resourceGroup().id, deployment().name, parameters('aksClusterName'),'aksvmc')]",
							"properties": {
								"principalId": "[reference(parameters('aksClusterName'),'2021-07-01','Full').properties.identityProfile.kubeletidentity.objectId]",
								"principalType": "ServicePrincipal",
								"roleDefinitionId": "[resourceId('Microsoft.Authorization/roleDefinitions',variables('roleDefinitionVirtualMachineContributor'))]",
								"scope": "[concat('/subscriptions/', subscription().subscriptionId, '/resourceGroups/', variables('nodeResourceGroup'))]",
								"delegatedManagedIdentityResourceId": "[if(parameters('crossTenant'),reference(parameters('aksClusterName'),'2021-07-01','Full').properties.identityProfile.kubeletidentity.objectId, json('null'))]"
							},
							"type": "Microsoft.Authorization/roleAssignments"
						}
					]
				}
			},
			"resourceGroup": "[variables('nodeResourceGroup')]"
		},
		{
			"type": "Microsoft.Authorization/roleAssignments",
			"apiVersion": "2021-04-01-preview",
			"name": "[guid(resourceGroup().id, deployment().name, parameters('aksClusterName'),'akstocontributor')]",
			"location": "[parameters('location')]",
			"properties": {
				"principalId": "[reference(parameters('aksClusterName'),'2021-07-01','Full').identity.principalId]",
				"principalType": "ServicePrincipal",
				"roleDefinitionId": "[resourceId('Microsoft.Authorization/roleDefinitions',variables('roleDefinitionContributor'))]",
				"scope": "[concat('/subscriptions/', subscription().subscriptionId, '/resourceGroups/', resourceGroup().name)]",
				"delegatedManagedIdentityResourceId": "[if(parameters('crossTenant'), reference(parameters('aksClusterName'),'2021-07-01','Full').identity.principalId, json('null'))]"
			}
		},
		{
			"type": "Microsoft.Authorization/roleAssignments",
			"apiVersion": "2021-04-01-preview",
			"name": "[guid(resourceGroup().id, deployment().name, parameters('aksClusterName'),'aksmioprg')]",
			"location": "[parameters('location')]",
			"properties": {
				"principalId": "[reference(parameters('aksClusterName'),'2021-07-01','Full').properties.identityProfile.kubeletidentity.objectId]",
				"principalType": "ServicePrincipal",
				"roleDefinitionId": "[resourceId('Microsoft.Authorization/roleDefinitions',variables('roleDefinitionManagedIdentityOperator'))]",
				"scope": "[concat('/subscriptions/', subscription().subscriptionId, '/resourceGroups/', resourceGroup().name)]",
				"delegatedManagedIdentityResourceId": "[if(parameters('crossTenant'), reference(parameters('aksClusterName'),'2021-07-01','Full').properties.identityProfile.kubeletidentity.objectId, json('null'))]"
			}
		},
		{
			"type": "Microsoft.ManagedIdentity/userAssignedIdentities",
			"apiVersion": "2018-11-30",
			"name": "[variables('userAssignedIdentityName')]",
			"location": "[parameters('location')]"
		},
		{
			"type": "Microsoft.Authorization/roleAssignments",
			"apiVersion": "2021-04-01-preview",
			"name": "[guid(resourceGroup().id, deployment().name, parameters('aksClusterName'),'usermiop')]",
			"location": "[parameters('location')]",
			"properties": {
				"principalId": "[reference(variables('userAssignedIdentityName')).principalId]",
				"principalType": "ServicePrincipal",
				"roleDefinitionId": "[resourceId('Microsoft.Authorization/roleDefinitions',variables('roleDefinitionManagedIdentityContributor'))]",
				"scope": "[concat('/subscriptions/', subscription().subscriptionId, '/resourceGroups/', resourceGroup().name)]",
				"delegatedManagedIdentityResourceId": "[if(parameters('crossTenant'), resourceId('Microsoft.ManagedIdentity/userAssignedIdentities',variables('userAssignedIdentityName')), json('null'))]"
			}
		},
		{
			"type": "Microsoft.Authorization/roleAssignments",
			"apiVersion": "2021-04-01-preview",
			"name": "[guid(resourceGroup().id, deployment().name, parameters('aksClusterName'),'userowner')]",
			"location": "[parameters('location')]",
			"properties": {
				"principalId": "[reference(variables('userAssignedIdentityName')).principalId]",
				"principalType": "ServicePrincipal",
				"roleDefinitionId": "[resourceId('Microsoft.Authorization/roleDefinitions',variables('roleDefinitionOwner'))]",
				"scope": "[concat('/subscriptions/', subscription().subscriptionId, '/resourceGroups/', resourceGroup().name)]",
				"delegatedManagedIdentityResourceId": "[if(parameters('crossTenant'), resourceId('Microsoft.ManagedIdentity/userAssignedIdentities',variables('userAssignedIdentityName')), json('null'))]"
			}
		}
	],
	"outputs": {
		"fqdn": {
			"type": "String",
			"value": "[reference(resourceId('Microsoft.ContainerService/managedClusters', parameters('aksClusterName'))).fqdn]"
		},
		"identityManager.clientId": {
			"type": "String",
			"value": "[reference(variables('userAssignedIdentityName')).clientId]"
		},
		"identityManager.Name": {
			"type": "String",
			"value": "[variables('userAssignedIdentityName')]"
		},
		"identityManager.resourceId": {
			"type": "String",
			"value": "[resourceId('Microsoft.ManagedIdentity/userAssignedIdentities', variables('userAssignedIdentityName'))]"
		}
	}
}
